game_id,player_id,attempts,prediction_v2,crps_v2,prediction_v1,crps_v1,mae_difference,crps_difference
2025_01_DAL_PHI,00-0036389,23.0,25.6594401908875,2.246347007171761,24.736704641444287,2.0827703542371028,0.9227355494432139,0.16357665293465828
2025_01_DAL_PHI,00-0033077,34.0,35.71541574502357,2.092512361007047,36.28197958317325,2.1557047724829546,-0.5665638381496834,-0.06319241147590748
2025_01_KC_LAC,00-0036355,34.0,32.66682796239377,2.1660029823323432,32.900303283752734,2.1662636023248676,0.23347532135896643,-0.00026061999252435797
2025_01_KC_LAC,00-0033873,39.0,37.572723204479786,2.181676934889389,37.40655185135482,2.254163871559055,-0.166171353124966,-0.07248693666966588
2025_01_PIT_NYJ,00-0036945,22.0,29.258465416867775,4.136652224295998,30.901658925992578,5.039953236629268,-1.6431935091248029,-0.9033010123332694
2025_01_PIT_NYJ,00-0023459,30.0,33.11913374664689,2.353295834735766,34.379411716324284,2.68336943736797,-1.2602779696773965,-0.3300736026322042
2025_01_NYG_WAS,00-0039910,30.0,29.034840371729974,2.1120836548593727,28.331144285609,2.269139951255477,-0.7036960861209742,-0.1570562963961044
2025_01_NYG_WAS,00-0029263,37.0,31.421905970145065,3.593360367616235,31.864768856252415,3.476531124853241,0.44286288610734914,0.11682924276299378
2025_01_ARI_NO,00-0039376,46.0,35.02229474488118,7.231891677157856,36.03878314187334,6.57527768900257,1.016488396992159,0.6566139881552857
2025_01_ARI_NO,00-0035228,29.0,33.11605119152808,2.650237440413049,33.74894569879117,2.8164532191340803,-0.6328945072630887,-0.16621577872103144
2025_01_LV_NE,00-0039851,46.0,32.85143306166617,9.082095422945034,31.98611984242226,10.021090722689328,-0.8653132192439124,-0.9389952997442936
2025_01_LV_NE,00-0030565,34.0,33.846811173246564,2.0364205549762304,33.99797815745948,2.0457699404015397,0.15116698421291375,-0.009349385425309276
2025_01_MIA_IND,00-0035710,29.0,32.10424302063551,2.3495469089078433,32.00735065828514,2.293770226726554,0.09689236235036702,0.055776682181289505
2025_01_MIA_IND,00-0036212,23.0,33.479016523288635,6.311088395137047,33.351544636033125,6.0607988645041715,0.12747188725550984,0.25028953063287585
2025_01_CIN_CLE,00-0026158,45.0,28.73771053788878,11.922345752001304,27.814720011891488,12.965782361068566,-0.9229905259972924,-1.0434366090672622
2025_01_CIN_CLE,00-0036442,23.0,37.639022071197985,9.751036876916821,36.67041032226536,8.72442653875773,0.9686117489326236,1.0266103381590916
2025_01_TB_ATL,00-0039917,42.0,35.11475883480487,4.308910965549482,35.026075079559384,4.483778655733832,-0.08868375524548355,-0.17486769018434956
2025_01_TB_ATL,00-0034855,32.0,34.877630028408106,2.2951100576907475,34.80546990071098,2.250543121402593,0.07216012769712421,0.04456693628815467
2025_01_CAR_JAX,00-0036971,31.0,31.66078928145247,2.020600262942593,31.30137498619554,2.031562161515216,0.35941429525692925,-0.010961898572622975
2025_01_CAR_JAX,00-0039150,35.0,30.91693884340144,2.92915381136211,30.709136114407144,3.0938370591700464,-0.2078027289942952,-0.16468324780793653
2025_01_TEN_DEN,00-0039732,40.0,31.716689791824113,5.201274146490601,32.52736345164393,4.795634940767284,0.8106736598198161,0.40563920572331646
2025_01_TEN_DEN,00-0040676,28.0,32.17991763585466,2.672308119205132,33.248189233796715,3.015001866757145,-1.0682715979420578,-0.3426937475520129
2025_01_SF_SEA,00-0034869,23.0,33.780668105607745,6.5403219514090205,34.26762361507399,6.7561881328201565,-0.48695550946624166,-0.215866181411136
2025_01_SF_SEA,00-0037834,35.0,31.886760862347387,2.590324655111602,31.68206617371216,2.721686615906524,-0.20469468863522877,-0.1313619607949219
2025_01_DET_GB,00-0036264,22.0,31.15490473818047,5.353401530785595,30.43624563845432,4.7352265824322295,0.7186590997261497,0.6181749483533654
2025_01_DET_GB,00-0033106,39.0,35.0381841567444,2.8828185430677475,34.5754129862159,3.150891673767109,-0.46277117052849803,-0.26807313069936134
2025_01_HOU_LA,00-0026498,29.0,30.597434146691253,2.0791552826685304,32.05229535970725,2.3038949621123326,-1.4548612130159988,-0.22473967944380213
2025_01_HOU_LA,00-0039163,27.0,32.880533919623964,3.389622340410111,33.79565825504245,3.7611559371030605,-0.9151243354184828,-0.3715335966929496
2025_01_BAL_BUF,00-0034857,46.0,32.10545775754628,9.745793055540846,31.70299166182906,10.277369062039366,-0.402466095717223,-0.5315760064985202
2025_01_BAL_BUF,00-0034796,19.0,30.05091899359428,6.7488908811606825,28.906162866479338,5.736033493861448,1.1447561271149418,1.0128573872992348
2025_01_MIN_CHI,00-0039918,35.0,34.027149714313296,2.113231921760649,33.76841072207707,2.1877382488643264,-0.2587389922362249,-0.07450632710367744
2025_01_MIN_CHI,00-0039923,20.0,33.3615679680183,8.641390245968672,32.85745958169341,8.038580849267047,0.5041083863248872,0.602809396701625
2025_02_WAS_GB,00-0036264,31.0,30.562309225377867,2.056192020147516,29.641844539909776,2.2096189728778666,-0.9204646854680902,-0.15342695273035067
2025_02_WAS_GB,00-0039910,42.0,30.38151390450346,7.7632355615240884,28.69102283108035,9.389888602093137,-1.690491073423111,-1.6266530405690487
2025_02_NE_MIA,00-0036212,32.0,32.261413559779115,2.020738847946025,32.40622527648784,2.0286874142052223,-0.14481171670872328,-0.007948566259197154
2025_02_NE_MIA,00-0039851,23.0,31.35750548052279,4.818123977885654,30.94176813499734,4.424611760284382,0.41573734552545005,0.3935122176012724
2025_02_LA_TEN,00-0040676,33.0,32.04470175989443,2.110951209223718,32.7898338265473,2.060419719477858,0.7451320666528716,0.05053148974585975
2025_02_LA_TEN,00-0026498,33.0,30.05891159010175,2.5378241158996664,30.825541714109917,2.3837702951669018,0.7666301240081665,0.15405382073276463
2025_02_SEA_PIT,00-0023459,33.0,33.290829071466284,2.0202280318205146,34.082338992465786,2.0353966170211124,-0.791509920999502,-0.015168585200597828
2025_02_SEA_PIT,00-0034869,33.0,32.38262834978169,2.07249937259635,33.752328324238114,2.026608620231796,-0.13495667401980427,0.045890752364553755
2025_02_BUF_NYJ,00-0036945,11.0,28.147673826490937,12.009559110897852,28.065971407648913,11.734678566567396,0.08170241884202412,0.27488054433045583
2025_02_BUF_NYJ,00-0034857,25.0,31.669273193778857,3.8012607349776752,31.686835258279903,3.702654169924818,-0.017562064501046137,0.09860656505285714
2025_02_SF_NO,00-0039376,34.0,32.50439929459214,2.193541187163715,34.11514091346399,2.0392735009881218,1.3804597919438706,0.15426768617559317
2025_02_SF_NO,00-0036972,39.0,30.950370729273182,5.0436689729932525,31.610090451281135,4.742786271137652,0.6597197220079529,0.30088270185560084
2025_02_NYG_DAL,00-0033077,52.0,33.3286448390674,14.220908871038436,34.29578299234191,13.461504063291468,0.9671381532745116,0.759404807746968
2025_02_NYG_DAL,00-0029263,41.0,31.079536217084147,6.391303808363334,32.16162327718848,5.72903011943643,1.0820870601043353,0.6622736889269039
2025_02_JAX_CIN,00-0036442,13.0,37.57413084122302,19.015266400364744,36.53791224426187,17.80788100739153,1.0362185969611488,1.2073853929732152
2025_02_JAX_CIN,00-0036971,42.0,30.552545657763073,7.62001864276414,29.49913801111039,8.68061900071369,-1.0534076466526834,-1.0606003579495509
2025_02_CLE_BAL,00-0034796,29.0,27.43977224785312,2.2047281032721635,27.620967472062,2.2131098489128083,0.1811952242088779,-0.008381745640644755
2025_02_CLE_BAL,00-0026158,45.0,29.190468871166868,11.498691237836898,30.107762806813536,10.820776908523404,0.9172939356466685,0.6779143293134933
2025_02_CHI_DET,00-0033106,28.0,34.927545148512166,3.9455797839805804,34.78958618049827,3.7578706496115837,0.13795896801389773,0.18770913436899672
2025_02_CHI_DET,00-0039918,30.0,32.075853576787374,2.1415027202461676,32.33302472903718,2.1638379899377345,-0.25717115224980347,-0.02233526969156685
2025_02_CAR_ARI,00-0035228,25.0,32.31028726372281,4.167330149536497,33.012006383148616,4.467919179631409,-0.7017191194258032,-0.3005890300949119
2025_02_CAR_ARI,00-0039150,55.0,30.96745396390311,19.479727343291486,31.66242242550487,18.96935090648753,0.6949684616017606,0.5103764368039556
2025_02_DEN_IND,00-0035710,34.0,30.412863148973482,2.746714774641954,31.488010164252128,2.472133322473004,1.0751470152786453,0.2745814521689498
2025_02_DEN_IND,00-0039732,30.0,32.44918653783412,2.20540543983488,33.32465200303364,2.369111282390425,-0.8754654651995182,-0.1637058425555451
2025_02_PHI_KC,00-0033873,29.0,35.9547500223597,3.961035970255903,36.4528007477727,4.131445338219396,-0.49805072541300177,-0.17040936796349282
2025_02_PHI_KC,00-0036389,22.0,24.98710002252606,2.3196671703472163,24.390259106935954,2.171874092484245,0.5968409155901071,0.14779307786297124
2025_02_ATL_MIN,00-0039923,21.0,32.589711167008836,7.173675850814631,32.33550648981755,6.809089908684404,0.25420467719128936,0.3645859421302271
2025_02_ATL_MIN,00-0039917,21.0,34.23065341324036,8.529787529287052,35.07486418831185,9.071722447840177,-0.8442107750714882,-0.5419349185531246
2025_02_TB_HOU,00-0039163,24.0,32.769440213881865,5.0905609928706905,33.37082230029418,5.35877197853877,-0.6013820864123147,-0.26821098566807944
2025_02_TB_HOU,00-0034855,38.0,32.263859112660725,3.673390020256323,33.92380808344499,3.0052581000882492,1.6599489707842636,0.668131920168074
2025_02_LAC_LV,00-0030565,43.0,32.504790818045755,6.842098154127079,33.03533077096136,6.57797454137014,0.5305399529156034,0.2641236127569391
2025_02_LAC_LV,00-0036355,27.0,32.744942295253594,3.3235865114071053,32.709950468902214,3.2175244894545463,0.034991826351379984,0.10606202195255898
2025_03_MIA_BUF,00-0034857,28.0,32.92384116814234,2.9558000126227135,32.63296056786438,2.773402473892629,0.2908806002779585,0.18239753873008446
2025_03_MIA_BUF,00-0036212,34.0,31.587643060162815,2.3916936702931153,31.312593886377474,2.5218239122239696,-0.2750491737853409,-0.13013024193085432
2025_03_LV_WAS,00-0032268,21.0,24.32379099595247,2.405450405197952,23.227349080973724,2.1452857684786912,1.0964419149787474,0.26016463671926093
2025_03_LV_WAS,00-0030565,29.0,32.3318284843545,2.4090350293056266,32.77602310567552,2.4916462876195853,-0.4441946213210173,-0.08261125831395866
2025_03_NYJ_TB,00-0034855,29.0,33.20021673293046,2.6794029200692786,33.909917749245636,2.8781279442416374,-0.7097010163151793,-0.19872502417235882
2025_03_NYJ_TB,00-0028118,36.0,28.306783276157717,4.809404804360732,27.81889502449478,5.265424535441527,-0.4878882516629375,-0.4560197310807954
2025_03_IND_TEN,00-0040676,38.0,31.53601612973291,4.0651468472393715,31.863667599553178,3.9965947321496786,0.3276514698202675,0.06855211508969283
2025_03_IND_TEN,00-0035710,25.0,30.781627906115656,3.341283047657553,31.61540110539516,3.6647195086959385,-0.8337731992795057,-0.32343646103838575
2025_03_LA_PHI,00-0036389,32.0,25.446081511726888,4.115189131256084,25.301919835000064,4.317223460865701,-0.14416167672682434,-0.2020343296096172
2025_03_LA_PHI,00-0026498,33.0,31.16758518407968,2.257971391757146,31.625768138828867,2.212596438109248,0.45818295474918713,0.04537495364789779
2025_03_GB_CLE,00-0026158,36.0,29.622919752328865,4.016311890681795,31.58320430166425,3.1475172482029246,1.960284549335384,0.8687946424788704
2025_03_GB_CLE,00-0036264,25.0,28.443273538947963,2.4396846740632254,28.601325492296805,2.4418807031262086,-0.15805195334884203,-0.002196029062983218
2025_03_CIN_MIN,00-0032950,20.0,30.830721511220162,6.578706996087968,31.055713905440633,6.592176483875067,-0.22499239422047168,-0.013469487787099332
2025_03_CIN_MIN,00-0035100,27.0,33.129738287800706,3.5147167921153137,33.74111596872857,3.7317359124272658,-0.6113776809278662,-0.21701912031195203
2025_03_HOU_JAX,00-0036971,40.0,30.1576395862037,6.33124696376159,30.51657086518238,6.207244576784424,0.35893127897868027,0.12400238697716581
2025_03_HOU_JAX,00-0039163,38.0,32.119605950891064,3.7480154031011663,32.2314971314495,3.797473727978794,0.1118911805584375,-0.04945832487762747
2025_03_ATL_CAR,00-0039150,24.0,32.08490148134073,4.6428186506812565,32.8410634599243,4.999651823187548,-0.7561619785835703,-0.3568331725062919
2025_03_ATL_CAR,00-0039917,36.0,32.84389204689559,2.6037548200636778,32.868302477240924,2.6592282248513333,0.024410430345334078,-0.0554734047876555
2025_03_PIT_NE,00-0039851,37.0,29.981873068772124,4.388250906383938,29.694626607688907,4.689160331441481,-0.2872464610832175,-0.3009094250575428
2025_03_PIT_NE,00-0023459,23.0,34.077985697083406,6.770012890752529,33.63919994566961,6.275282725424109,0.4387857514137963,0.49473016532841996
2025_03_DEN_LAC,00-0036355,47.0,31.684853932717964,11.039980699556748,31.96805204698063,10.949257397634177,0.2831981142626674,0.09072330192257105
2025_03_DEN_LAC,00-0039732,25.0,33.67360264771546,5.026388846203179,34.41065552493282,5.38636219191072,-0.7370528772173586,-0.3599733457075409
2025_03_NO_SEA,00-0034869,18.0,33.2088523007536,10.256297322115087,34.141937541519795,10.896958816174124,-0.9330852407661965,-0.6406614940590369
2025_03_NO_SEA,00-0039376,39.0,32.73342137009194,3.9551749477377776,33.99140828945361,3.415777124113151,1.2579869193616702,0.5393978236246264
2025_03_DAL_CHI,00-0039918,28.0,33.16488524170951,3.0579188755506603,31.839822775680787,2.510404321291039,1.3250624660287258,0.5475145542596214
2025_03_DAL_CHI,00-0033077,40.0,35.3515925183512,3.1603226061072243,34.14791629749205,3.841918755351638,-1.203676220859144,-0.6815961492444136
2025_03_ARI_SF,00-0036972,41.0,32.522761745449145,5.334484459801738,32.806319594567796,5.274377803388887,0.283557849118651,0.06010665641285051
2025_03_ARI_SF,00-0035228,35.0,31.701658305865102,2.6493278259279123,31.946065694542714,2.63398725281211,0.2444073886776117,0.015340573115802059
2025_03_KC_NYG,00-0029263,32.0,32.00763181217874,2.0284691236228025,33.673754744819504,2.0775303779136154,-1.6661229326407678,-0.04906125429081287
2025_03_KC_NYG,00-0033873,37.0,36.06328033080796,2.108576553182369,36.04710965720618,2.1440945294903,-0.016170673601784813,-0.035517976307930965
2025_03_DET_BAL,00-0034796,27.0,30.59746555782642,2.4844666169284313,28.869495407851602,2.098696183563087,1.7279701499748192,0.38577043336534445
2025_03_DET_BAL,00-0033106,28.0,36.66171258568931,5.018460586217266,35.69424771868848,4.274429950396453,0.9674648670008281,0.7440306358208133
2025_04_SEA_ARI,00-0035228,41.0,32.57411888779857,5.298997400033179,33.72433251240313,4.670552912006471,1.150213624604561,0.6284444880267079
2025_04_SEA_ARI,00-0034869,26.0,33.84980409189366,4.494897188592343,34.60021272827074,4.84129039874925,-0.750408636377081,-0.34639321015690694
2025_04_MIN_PIT,00-0023459,22.0,31.76686866400011,5.785833957549492,32.375621379047296,6.078604684580093,-0.608752715047185,-0.29277072703060103
2025_04_MIN_PIT,00-0032950,46.0,29.65189320159556,12.00310815286107,29.485778510387988,12.330275933104296,-0.1661146912075715,-0.3271677802432258
2025_04_PHI_TB,00-0034855,40.0,31.9829931343502,5.02194437009622,33.24273016774328,4.353325133900579,1.2597370333930833,0.6686192361956405
2025_04_PHI_TB,00-0036389,24.0,26.1831102395103,2.1577537091122863,25.770748918459667,2.0868178477009653,0.41236132105063206,0.07093586141132091
2025_04_LAC_NYG,00-0040691,20.0,32.852446585569915,8.209914635182056,33.492885662484426,8.573196948241012,-0.640439076914511,-0.3632823130589564
2025_04_LAC_NYG,00-0036355,41.0,32.51272558829584,5.341436970435787,32.82821431402751,5.259368835264405,0.31548872573167586,0.08206813517138212
2025_04_CAR_NE,00-0039851,17.0,30.19477629065626,8.499226686828068,30.093301408318062,8.235656647847657,0.10147488233819857,0.2635700389804114
2025_04_CAR_NE,00-0039150,30.0,31.04450784656474,2.0345100780469214,32.239541809418874,2.149116917859382,-1.1950339628541329,-0.11460683981246067
2025_04_WAS_ATL,00-0039917,26.0,33.44152054758156,4.2454403341045825,34.15662853503628,4.557922655317571,-0.7151079874547221,-0.3124823212129888
2025_04_WAS_ATL,00-0039910,0.0,28.88435385748886,23.186886360526845,28.87616814850844,22.963477347577467,0.008185708980420259,0.22340901294937865
2025_04_CLE_DET,00-0033106,27.0,34.178335113253404,4.0898501164184236,34.836791742618985,4.360494878596919,-0.6584566293655811,-0.2706447621784953
2025_04_CLE_DET,00-0026158,34.0,30.633599235482826,2.6716747676266,32.37803321582944,2.259861160293284,1.7444339803466136,0.41181360733331607
2025_04_NO_BUF,00-0034857,22.0,31.334761181891707,5.478605263528629,31.49300110905531,5.443635696184432,-0.1582399271636028,0.03496956734419676
2025_04_NO_BUF,00-0039376,27.0,32.410542583938,3.1670401244143034,33.682248684265,3.700219925531255,-1.2717061003269947,-0.5331798011169515
2025_04_TEN_HOU,00-0039163,28.0,31.305665804830593,2.4019414147669838,32.56819975303009,2.7498739123732423,-1.2625339481995006,-0.34793249760625855
2025_04_TEN_HOU,00-0040676,26.0,31.297325695748633,3.1161087328959196,32.96271510437214,3.852555693618053,-1.6653894086235042,-0.7364469607221333
2025_04_IND_LA,00-0026498,41.0,32.808036477373705,5.139294776977844,32.21640867568242,5.689459786860731,-0.5916278016912813,-0.5501650098828863
2025_04_IND_LA,00-0035710,33.0,31.649240309906038,2.16886561126669,31.58201307179766,2.2205675468167505,-0.0672272381083765,-0.05170193555006053
2025_04_JAX_SF,00-0037834,38.0,32.67986091347561,3.466717275128523,32.50243368539271,3.656727997548419,-0.17742722808289813,-0.19001072241989592
2025_04_JAX_SF,00-0036971,31.0,30.828019881442625,2.0374763806055114,30.913782517583247,2.0511885784062382,0.08576263614062185,-0.013712197800726855
2025_04_BAL_KC,00-0033873,37.0,36.21222482739356,2.0906154220393054,36.277661015190446,2.112983510421068,0.06543618779688387,-0.02236808838176252
2025_04_BAL_KC,00-0034796,20.0,29.529841940217693,5.616110283083602,28.28768742065361,4.6402513935164835,1.2421545195640817,0.9758588895671183
2025_04_CHI_LV,00-0030565,21.0,32.94481440595582,7.459637034081893,32.27564825955023,6.762427477453925,0.6691661464055869,0.6972095566279677
2025_04_CHI_LV,00-0039918,37.0,32.26807573153992,3.196548641482612,31.547407271006282,3.6338470766895794,-0.7206684605336413,-0.43729843520696754
2025_04_GB_DAL,00-0033077,40.0,34.82839868012989,3.396033349393757,36.30479065540383,2.856976550964734,1.4763919752739412,0.5390567984290233
2025_04_GB_DAL,00-0036264,43.0,29.662213906159675,9.24921060361995,28.867185231240956,10.128392851334667,-0.7950286749187185,-0.8791822477147164
2025_04_NYJ_MIA,00-0036212,25.0,31.478881817497918,3.6977706111781448,31.102829814371024,3.403665090484002,0.3760520031268939,0.294105520694143
2025_04_NYJ_MIA,00-0036945,27.0,26.80980996684784,2.0380129694075437,26.202935054797045,2.121868212111715,-0.6068749120507952,-0.08385524270417122
2025_04_CIN_DEN,00-0039732,42.0,32.04843674253741,6.41530296067304,32.49728734677099,6.221923047812151,0.44885060423357714,0.1933799128608893
2025_04_CIN_DEN,00-0035100,25.0,33.613362227508006,4.986295947862919,33.718417410715986,4.918621759246763,-0.10505518320798046,0.06767418861615582
2025_05_SF_LA,00-0026498,47.0,32.1801826724002,10.584531171493046,32.69124648744395,10.28804254347075,0.5110638150437481,0.2964886280222956
2025_05_SF_LA,00-0036972,49.0,30.5739573043483,13.984173765343854,32.29205733564577,12.51329094094543,1.718100031297471,1.4708828243984247
2025_05_MIN_CLE,00-0040704,33.0,33.81954591703257,2.0246865529418647,35.89968013200245,2.2702625097401947,-2.080134214969881,-0.24557595679833
2025_05_MIN_CLE,00-0032950,34.0,28.84207201614746,3.3894389027270595,29.56049578752007,3.1572279412764916,0.7184237713726098,0.23221096145056785
2025_05_HOU_BAL,00-0033662,20.0,31.127463534586088,6.808571134125022,30.9470505229734,6.508790422514794,0.1804130116126892,0.2997807116102278
2025_05_HOU_BAL,00-0039163,27.0,31.701924215719455,2.866182678477334,32.45418105894828,3.1031314158044774,-0.7522568432288246,-0.23694873732714328
2025_05_MIA_CAR,00-0039150,30.0,32.38838093512214,2.1940881182327674,33.12118191985154,2.3197697436772033,-0.7328009847293941,-0.12568162544443595
2025_05_MIA_CAR,00-0036212,36.0,31.411140852545785,3.134804729269018,30.9531069369647,3.4340017749075695,-0.4580339155810833,-0.29919704563855154
2025_05_LV_IND,00-0035710,29.0,32.30992559713538,2.40310157371353,33.05395927907387,2.576005907987579,-0.7440336819384896,-0.17290433427404883
2025_05_LV_IND,00-0030565,36.0,31.7697585672405,2.9869728954971215,32.41814401452672,2.815107782715434,0.6483854472862163,0.17186511278168748
2025_05_NYG_NO,00-0039376,31.0,33.498247564858154,2.214795772763507,34.365609350296026,2.379488976827378,-0.8673617854378719,-0.1646932040638709
2025_05_NYG_NO,00-0040691,40.0,27.67669545945182,8.36257744091063,27.87797867434186,8.353564294147887,0.20128321489004009,0.009013146762743673
2025_05_DAL_NYJ,00-0036945,46.0,27.969898791708374,13.602946730896228,26.46413327724367,15.229527049608999,-1.5057655144647057,-1.6265803187127705
2025_05_DAL_NYJ,00-0033077,29.0,35.52295598712106,3.721514166055268,35.23383072149535,3.468499308674782,0.2891252656257066,0.253014857380486
2025_05_DEN_PHI,00-0036389,38.0,26.426772049357353,7.724612998038422,26.022230774838626,8.229691037968578,-0.4045412745187278,-0.5050780399301562
2025_05_DEN_PHI,00-0039732,39.0,31.882166210954367,4.448666761517764,32.849443912354744,4.004486398124558,0.967277701400377,0.44418036339320555
2025_05_TEN_ARI,00-0035228,31.0,31.535535936939045,2.019045626669314,32.84597470106301,2.0961152021429568,-1.3104387641239619,-0.07706957547364279
2025_05_TEN_ARI,00-0040676,39.0,32.042398153997716,4.351997595803551,33.294165600883815,3.7644725949481828,1.2517674468860989,0.5875250008553685
2025_05_TB_SEA,00-0034869,34.0,31.996043646063853,2.294569179917911,32.23799245299845,2.2888503650828484,0.24194880693459453,0.005718814835062425
2025_05_TB_SEA,00-0034855,33.0,33.28588252164087,2.0203088260803446,34.23297350475066,2.0429194675134887,-0.9470909831097885,-0.022610641433144174
2025_05_DET_CIN,00-0035100,40.0,33.08447821918968,4.3268996595687055,32.79694872875566,4.625064250856507,-0.287529490434018,-0.2981645912878017
2025_05_DET_CIN,00-0033106,23.0,35.96103653370106,8.30135671955843,35.34618208265526,7.616885677361851,0.6148544510458009,0.6844710421965798
2025_05_WAS_LAC,00-0036355,29.0,33.7969310260731,2.9040340869661128,33.83644245589408,2.849698809256588,-0.03951142982097622,0.05433527770952473
2025_05_WAS_LAC,00-0039910,26.0,28.924465806133814,2.3058068840344976,27.74244847680344,2.08426055522858,1.1820173293303746,0.22154632880591763
2025_05_NE_BUF,00-0034857,31.0,31.40025637538393,2.019006125300802,30.80621085517881,2.0590906472040014,0.2064672305627404,-0.040084521903199555
2025_05_NE_BUF,00-0039851,30.0,30.11514190626485,2.0244204994456814,29.019376004525704,2.1479811452617517,-0.865482089209447,-0.12356064581607029
2025_05_KC_JAX,00-0036971,25.0,30.676091288279366,3.2905838157377976,31.38191369270731,3.5433363381329652,-0.7058224044279449,-0.25275252239516766
2025_05_KC_JAX,00-0033873,41.0,35.9005484374245,3.362296051077169,35.69480139505766,3.559907522026554,-0.20574704236683772,-0.19761147094938503
2025_06_PHI_NYG,00-0040691,25.0,28.978390503210576,2.603737827228379,30.19594134985617,2.9931572972521443,-1.2175508466455938,-0.3894194700237654
2025_06_PHI_NYG,00-0036389,33.0,27.139269355243034,3.7372725985921154,27.636235362495682,3.588745020724903,0.4969660072526487,0.14852757786721238
2025_06_DEN_NYJ,00-0036945,17.0,27.34332248900399,6.208816997699897,27.34717023637808,6.0571462036320725,-0.0038477473740883283,0.15167079406782413
2025_06_DEN_NYJ,00-0039732,30.0,32.813639929920036,2.280608384022181,33.28670333440936,2.35962944383029,-0.4730634044893236,-0.0790210598081087
2025_06_LA_BAL,00-0033662,19.0,30.314651547608573,6.955376680314676,30.484335510818404,6.925664198450502,-0.16968396320983103,0.0297124818641743
2025_06_LA_BAL,00-0026498,26.0,33.384792900341914,4.21155042638126,33.71705433960122,4.288118358976411,-0.3322614392593053,-0.07656793259515116
2025_06_DAL_CAR,00-0039150,25.0,33.30308239994151,4.78281655214545,33.66746117613279,4.885192569402868,-0.36437877619128045,-0.10237601725741818
2025_06_DAL_CAR,00-0033077,34.0,35.58009821232398,2.077344829274822,34.96381309907488,2.0310251377308597,0.6162851132490985,0.046319691543962094
2025_06_ARI_IND,00-0035710,30.0,33.02802041218665,2.3307027977760035,33.7623600607162,2.4876760365214645,-0.7343396485295486,-0.15697323874546099
2025_06_ARI_IND,00-0033119,44.0,31.517893151117182,8.499971671755791,31.50243909441723,8.677853118372656,-0.01545405669995148,-0.17788144661686545
2025_06_SEA_JAX,00-0036971,42.0,32.30798596901349,6.216632187776765,32.21569487541831,6.437733372423583,-0.09229109359517906,-0.22110118464681783
2025_06_SEA_JAX,00-0034869,27.0,33.315245339115584,3.6108773822578164,32.72249726565557,3.223275798250977,0.5927480734600152,0.3876015840068394
2025_06_LAC_MIA,00-0036212,32.0,32.39568068173623,2.019044559543463,32.47440335366892,2.0273690802114075,-0.07872267193268812,-0.008324520667944313
2025_06_LAC_MIA,00-0036355,38.0,33.36253625023414,3.1556145368033874,32.77782358618281,3.5189260257651256,-0.5847126640513309,-0.36331148896173815
2025_06_NE_NO,00-0039376,26.0,32.79188555041054,3.8692257603697544,33.111241642986755,3.9354163514084997,-0.3193560925762142,-0.06619059103874525
2025_06_NE_NO,00-0039851,26.0,31.036596478727464,3.0029330640287686,29.957070373543182,2.54575256668364,1.0795261051842822,0.4571804973451288
2025_06_CLE_PIT,00-0023459,30.0,29.763557211404212,2.04137806307721,30.941789530622852,2.0303319635275123,-0.7053467420270643,0.011046099549697708
2025_06_CLE_PIT,00-0040704,52.0,33.108281895010535,14.433947421918395,35.06349084714358,12.729755939802795,1.9552089521330487,1.7041914821156006
2025_06_TEN_LV,00-0030565,23.0,31.387145280443427,4.837427243208132,32.24307124104786,5.270831105707567,-0.8559259606044307,-0.43340386249943563
2025_06_TEN_LV,00-0040676,38.0,32.35326958030304,3.627896452734711,33.112222427066904,3.358895679952144,0.7589528467638615,0.26900077278256695
2025_06_CIN_GB,00-0036264,26.0,28.82914680794296,2.283915669159746,28.98806298961143,2.289324230494442,-0.1589161816684701,-0.005408561334695694
2025_06_CIN_GB,00-0026158,45.0,31.239447240405767,9.625699937347765,32.50099661941607,8.679116936929347,1.2615493790103045,0.9465830004184177
2025_06_SF_TB,00-0034855,23.0,34.072877314584815,6.766035705974452,34.278902373084875,6.764966131012326,-0.20602505850006025,0.0010695749621261186
2025_06_SF_TB,00-0036972,39.0,31.989667713837818,4.3836206923011085,32.19896015866157,4.379427046951165,0.20929244482375253,0.004193645349943154
2025_06_DET_KC,00-0033873,30.0,36.288675094589536,3.596949072341555,35.14134623750933,2.970711380327862,1.147328857080204,0.6262376920136927
2025_06_DET_KC,00-0033106,29.0,34.78886754338908,3.344820998395413,33.6130320341287,2.7661261599266487,1.1758355092603807,0.5786948384687642
2025_06_BUF_ATL,00-0039917,32.0,32.441653398172946,2.0188474599095043,32.28604448425916,2.032087221624539,0.15560891391378817,-0.013239761715034604
2025_06_BUF_ATL,00-0034857,26.0,30.726509451392854,2.8758789948245824,29.95660446138155,2.545609414131708,0.7699049900113053,0.3302695806928746
2025_06_CHI_WAS,00-0039910,26.0,28.79322645500842,2.2758878305818167,27.023075222510997,2.032550560810302,1.7701512324974225,0.24333726977151482
2025_06_CHI_WAS,00-0039918,29.0,30.89768085954771,2.1157017785593717,30.374237300834587,2.0519169038320415,0.5234435587131223,0.06378487472733019
2025_07_PIT_CIN,00-0026158,47.0,32.579431456099925,10.220645741714302,32.88405297071876,10.113311026260849,0.30462151461883735,0.10733471545345274
2025_07_PIT_CIN,00-0023459,34.0,32.05473313225282,2.2817692790379933,31.540021054878775,2.457896751860991,-0.5147120773740461,-0.1761274728229978
2025_07_LA_JAX,00-0036971,48.0,32.1399930152161,11.545893758138586,32.46454541760169,11.414642410489636,0.32455240238559213,0.1312513476489503
2025_07_LA_JAX,00-0026498,33.0,33.93470668803093,2.0291281084649264,33.91775719725588,2.02969390224772,0.016949490775047593,-0.0005657937827936443
2025_07_NO_CHI,00-0039918,26.0,30.989846429547434,2.9832497299192466,31.05544740883137,2.935782972700003,-0.0656009792839356,0.04746675721924376
2025_07_NO_CHI,00-0039376,32.0,31.115534161511736,2.102031258813981,31.323134582009065,2.107366483188109,0.20760042049732874,-0.005335224374127812
2025_07_MIA_CLE,00-0040704,18.0,35.73705115593465,12.551697240962811,37.547155682378154,14.031893099623591,-1.810104526443503,-1.48019585866078
2025_07_MIA_CLE,00-0036212,23.0,29.830941528870216,3.8910092858090586,31.989166615882283,5.098564408389283,-2.1582250870120667,-1.2075551225802243
2025_07_LV_KC,00-0033873,35.0,33.920209798572756,2.1276922705769428,34.17208114318374,2.1266653058648783,0.2518713446109828,0.0010269647120644265
2025_07_LV_KC,00-0030565,16.0,29.58220692738982,8.83035361446019,30.74638320639966,9.656006776199147,-1.1641762790098404,-0.8256531617389573
2025_07_PHI_MIN,00-0032950,42.0,29.641857813005064,8.392858443603863,30.140190228811488,8.129864691777481,0.4983324158064235,0.2629937518263823
2025_07_PHI_MIN,00-0036389,23.0,27.457844261481014,2.772152948454669,27.3341587912673,2.6674650507384765,0.12368547021371512,0.10468789771619269
2025_07_CAR_NYJ,00-0036945,12.0,26.764389649789265,9.86113750367086,26.512078097519968,9.45051754051578,0.2523115522692976,0.41061996315508154
2025_07_CAR_NYJ,00-0039150,25.0,30.812787677054857,3.3564214170320152,32.436207318733274,4.121746081923705,-1.6234196416784172,-0.7653246648916898
2025_07_NE_TEN,00-0040676,34.0,31.8856483537984,2.3194394178418714,33.26132800490795,2.115036255813751,1.3756796511095537,0.20440316202812037
2025_07_NE_TEN,00-0039851,23.0,28.0436362869412,3.0056402487703195,28.0501022633944,2.9333668638722585,-0.006465976453199573,0.07227338489806101
2025_07_NYG_DEN,00-0039732,50.0,32.724183775836416,12.881655739154226,34.34592392865291,11.524859869424667,1.6217401528164928,1.3567958697295595
2025_07_NYG_DEN,00-0040691,33.0,27.43036124484088,3.5887255092586567,28.03033576873058,3.3970374257631386,0.5999745238896992,0.19168808349551814
2025_07_IND_LAC,00-0036355,55.0,35.066731056049726,15.445558811137813,34.68682276502504,15.988479981282822,-0.3799082910246838,-0.542921170145009
2025_07_IND_LAC,00-0035710,34.0,32.43915969983552,2.2052530141159385,32.524061448543655,2.2313841559833927,0.08490174870813405,-0.026131141867454133
2025_07_GB_ARI,00-0033119,36.0,32.383451397625656,2.757040829135531,33.84799085170757,2.378269206318132,1.4645394540819154,0.37877162281739896
2025_07_GB_ARI,00-0036264,29.0,30.181129606835885,2.0427956407794774,30.47349148618752,2.0594353986504927,-0.2923618793516347,-0.016639757871015348
2025_07_WAS_DAL,00-0033077,30.0,36.49927359675546,3.708745079658624,35.024713760479344,2.923477018302769,1.4745598362761143,0.7852680613558549
2025_07_WAS_DAL,00-0039910,22.0,30.410634939501286,4.8527284941781526,28.185358519649917,3.4440918936052682,2.225276419851369,1.4086366005728843
2025_07_ATL_SF,00-0036972,26.0,34.02940585977871,4.607628657441809,33.345429828478835,4.069018078456346,0.6839760312998777,0.5386105789854625
2025_07_ATL_SF,00-0039917,38.0,33.138594169823094,3.2537729887867908,32.70031493064724,3.557167981747342,-0.43827923917585565,-0.30339499296055106
2025_07_TB_DET,00-0033106,29.0,35.12788520708503,3.5137696604744852,33.789269805900645,2.8316926234461404,1.3386154011843843,0.6820770370283449
2025_07_TB_DET,00-0034855,50.0,34.62454068350487,11.095741788328706,33.694340240064186,12.134067362799733,-0.9302004434406825,-1.0383255744710276
2025_07_HOU_SEA,00-0034869,31.0,30.938361227475806,2.031585113939334,31.708755033197665,2.0262245529417746,-0.6471162606734708,0.005360560997559549
2025_07_HOU_SEA,00-0039163,49.0,30.27336848285288,14.274263652082645,31.04599547763392,13.70095070871552,0.7726269947810387,0.5733129433671245
2025_08_MIN_LAC,00-0036355,25.0,35.857490702797605,6.599319113559617,35.85838230048992,6.4411446040051334,-0.0008915976923162816,0.15817450955448376
2025_08_MIN_LAC,00-0032950,27.0,32.38915722309173,3.1573402968040747,31.824180823342147,2.8449895559343985,0.5649763997495825,0.3123507408696762
2025_08_MIA_ATL,00-0029604,31.0,32.319432735699195,2.053079275687706,32.45825738374308,2.0582661548403562,-0.1388246480438866,-0.00518687915265037
2025_08_MIA_ATL,00-0036212,26.0,29.929671268306564,2.5878260575260503,30.78223044784175,2.8289857795134665,-0.8525591795351879,-0.2411597219874162
2025_08_CHI_BAL,00-0035993,22.0,27.677865671479406,3.2910960273496848,25.80449790297109,2.4991579214343522,1.8733677685083165,0.7919381059153325
2025_08_CHI_BAL,00-0039918,38.0,30.676235666727507,4.575380048343196,30.634820055461798,4.727047710622767,-0.04141561126570892,-0.15166766227957051
2025_08_BUF_CAR,00-0039150,0.0,31.049047802471147,25.316883134435237,31.28162834141592,25.33097059063518,-0.2325805389447737,-0.014087456199941784
2025_08_BUF_CAR,00-0034857,19.0,29.8218753280076,6.571861012545076,28.9258886610385,5.750212750156345,0.895986666969101,0.8216482623887309
2025_08_NYJ_CIN,00-0026158,34.0,32.178643698178774,2.2557129570222063,31.718213793561148,2.410845641747748,-0.46042990461762656,-0.15513268472554165
2025_08_NYJ_CIN,00-0036945,32.0,26.621395981190606,3.494372986540247,26.074836419040942,3.880427782935782,-0.546559562149664,-0.38605479639553497
2025_08_SF_HOU,00-0039163,39.0,31.838847415295824,4.475094846261474,32.85292067838569,4.0025580908766365,1.0140732630898697,0.4725367553848372
2025_08_SF_HOU,00-0036972,32.0,32.58116756534475,2.019450484484559,34.069605722110886,2.1244500201010226,-1.4884381567661364,-0.10499953561646347
2025_08_CLE_NE,00-0039851,24.0,27.996389834404802,2.609554047975063,28.191329470540044,2.619926251469488,-0.194939636135242,-0.010372203494424692
2025_08_CLE_NE,00-0040704,35.0,31.942314274320683,2.5731437536349606,32.74307571323857,2.40450246979254,0.8007614389178848,0.16864128384242072
2025_08_NYG_PHI,00-0036389,20.0,29.326885735724478,5.472986396169167,28.97958984014855,5.091975408275455,0.3472958955759289,0.38101098789371246
2025_08_NYG_PHI,00-0040691,24.0,29.067524601790414,3.015932855978301,29.161470449312688,2.9788326864277126,-0.0939458475222743,0.03710016955058837
2025_08_TB_NO,00-0039376,21.0,32.16161421811986,6.8352693804243,32.3499203476549,6.820347061496506,-0.188306129535043,0.01492231892779472
2025_08_TB_NO,00-0034855,24.0,33.902416597825386,5.884036658165389,34.025688874484004,5.8223980947240275,-0.12327227665861784,0.06163856344136143
2025_08_DAL_DEN,00-0039732,29.0,35.222095860525684,3.562274123251751,34.3063528186431,3.0395235060657813,0.9157430418825854,0.5227506171859697
2025_08_DAL_DEN,00-0033077,31.0,35.062011092441296,2.631843233524784,33.821238247743736,2.2537874173729815,1.2407728446975597,0.3780558161518024
2025_08_TEN_IND,00-0035710,29.0,32.63088972233791,2.494450844912376,32.38821288238779,2.3852747037884967,0.24267683995012135,0.10917614112387941
2025_08_TEN_IND,00-0040676,38.0,32.925195686398155,3.3508599158321064,34.74886848090725,2.6989625089417286,1.8236727945090934,0.6518974068903778
2025_08_GB_PIT,00-0023459,36.0,32.04651433653096,2.879670581239885,32.43392434308435,2.80936258488636,0.3874100065533881,0.07030799635352514
2025_08_GB_PIT,00-0036264,37.0,31.43298098936985,3.587821826995765,30.69620501570796,4.09024447460519,-0.7367759736618886,-0.5024226476094249
2025_08_WAS_KC,00-0033873,34.0,34.31233461483083,2.0199033224617033,33.9156354778926,2.0510933506486704,0.2279700927234316,-0.031190028186967034
2025_08_WAS_KC,00-0039910,0.0,27.523241228179543,21.86100014112161,26.644259980565366,20.790828408990222,0.8789812476141776,1.0701717321313886
2025_09_BAL_MIA,00-0036212,40.0,31.682298373747752,5.224737472964618,31.293169445616066,5.634287852884324,-0.38912892813168654,-0.4095503799197058
2025_09_BAL_MIA,00-0034796,23.0,30.095641511036813,4.041781934870798,27.32369209101589,2.663907619012991,2.771949420020924,1.3778743158578068
2025_09_CHI_CIN,00-0026158,47.0,33.22459956934808,9.639003590721334,31.86942581459295,11.040100044217583,-1.3551737547551284,-1.4010964534962493
2025_09_CHI_CIN,00-0039918,34.0,32.533314170056265,2.1884694971194887,31.045081482851423,2.6025657304534935,-1.4882326872048424,-0.4140962333340048
2025_09_MIN_DET,00-0033106,37.0,31.83052627344525,3.3950262935495052,31.832940294017384,3.4919847088382037,0.002414020572132358,-0.09695841528869842
2025_09_MIN_DET,00-0039923,25.0,28.86887418082425,2.568062288423587,28.222284217726262,2.3435620180065087,0.6465899630979877,0.22450027041707843
2025_09_CAR_GB,00-0036264,37.0,30.349956380695083,4.171265040476117,30.266963305176212,4.3388656014880915,-0.08299307551887125,-0.16760056101197485
2025_09_CAR_GB,00-0039150,20.0,28.98703988350088,5.237868653313075,30.011121613157773,5.811781267832643,-1.024081729656892,-0.5739126145195677
2025_09_DEN_HOU,00-0039163,10.0,31.73713669311523,16.30623698918787,32.76271260654374,17.069570630137378,-1.0255759134285078,-0.763333640949508
2025_09_DEN_HOU,00-0039732,37.0,32.6039025662284,3.0541200099522854,34.34891961403114,2.5113413225860564,1.7450170478027403,0.542778687366229
2025_09_ATL_NE,00-0039851,29.0,28.199050754397774,2.091858348460524,27.344180586548475,2.266301958509761,-0.8548701678492989,-0.17444361004923659
2025_09_ATL_NE,00-0039917,37.0,32.43484903615533,3.124735829226233,32.64843909914214,3.1195814494937384,0.21359006298681038,0.005154379732494441
2025_09_SF_NYG,00-0040691,33.0,29.926046638129307,2.578086281200888,28.681558123881526,3.1053201242994914,-1.2444885142477808,-0.5272338430986037
2025_09_SF_NYG,00-0036972,24.0,35.53006775557108,7.126105166012728,34.72288058743757,6.338363183472338,0.8071871681335097,0.78774198254039
2025_09_IND_PIT,00-0023459,35.0,33.370862132541895,2.2179141766834816,32.60477357791293,2.4405011562391596,-0.7660885546289649,-0.22258697955567808
2025_09_IND_PIT,00-0035710,50.0,35.44928630765903,10.33894337864457,33.9601823473178,11.884744687346275,-1.4891039603412324,-1.545801308701705
2025_09_LAC_TEN,00-0040676,21.0,32.774455292751796,7.3218750160040385,33.85530150249981,8.036786131543195,-1.0808462097480174,-0.7149111155391568
2025_09_LAC_TEN,00-0036355,29.0,34.168003714675336,3.059272830482252,33.53497407759417,2.7379470742775514,0.6330296370811652,0.3213257562047005
2025_09_NO_LA,00-0026498,32.0,32.149783316761486,2.0234116921491943,32.3192889752048,2.0310098669719348,-0.16950565844331322,-0.0075981748227405
2025_09_NO_LA,00-0040743,24.0,31.33245921164831,4.180442956276573,32.621484340330674,4.855147644806617,-1.2890251286823649,-0.6747046885300438
2025_09_JAX_LV,00-0030565,39.0,29.03947229263411,6.422082980271229,29.950639509882137,5.8829135380373145,0.9111672172480283,0.5391694422339146
2025_09_JAX_LV,00-0036971,34.0,31.506858398930387,2.41255261961122,31.802074495869967,2.389626637975322,0.29521609693957984,0.022925981635897763
2025_09_KC_BUF,00-0034857,26.0,31.267338104836597,3.102800372095423,29.002782969609385,2.2925962653729934,2.264555135227212,0.8102041067224297
2025_09_KC_BUF,00-0033873,34.0,35.469367054569425,2.0662419758465567,33.61163536977926,2.0760784963920225,1.0810024243486822,-0.009836520545465799
2025_09_SEA_WAS,00-0039910,22.0,28.025545816943303,3.461540156941748,26.804107971673133,2.8367951675136527,1.2214378452701702,0.6247449894280952
2025_09_SEA_WAS,00-0034869,24.0,30.948997344735048,3.9577409541956383,30.28975657454435,3.496513146855099,0.6592407701906993,0.46122780734053936
2025_09_ARI_DAL,00-0033077,39.0,35.06594396287224,2.8723644811093276,34.09474431202542,3.367059523924495,-0.9711996508468204,-0.4946950428151675
2025_09_ARI_DAL,00-0033119,31.0,32.70506453117353,2.0912885604505487,31.24316523149516,2.033614592713567,1.4618992996783682,0.057673967736981524
2025_10_LV_DEN,00-0039732,28.0,34.41537062137549,3.6638246846587474,35.16659394265529,3.9666735774172848,-0.7512233212798023,-0.3028488927585373
2025_10_LV_DEN,00-0030565,26.0,29.109969393598313,2.3508496942958406,29.87641094680733,2.5212527841571486,-0.7664415532090167,-0.17040308986130803
2025_10_ATL_IND,00-0035710,26.0,33.94721677525255,4.5558179726894075,33.067719590873836,3.910982978004455,0.8794971843787138,0.6448349946849525
2025_10_ATL_IND,00-0039917,28.0,34.00218579017523,3.4500940355985565,34.2765163565933,3.489904424403214,-0.2743305664180653,-0.03981038880465748
2025_10_NO_CAR,00-0039150,25.0,27.10448047580336,2.145439800341104,28.35212199158527,2.3758090710918824,-1.2476415157819112,-0.2303692707507783
2025_10_NO_CAR,00-0040743,27.0,29.926101861092334,2.306281543538254,30.453009646728436,2.402078231456608,-0.5269077856361015,-0.09579668791835383
2025_10_NYG_CHI,00-0039918,36.0,32.13431441647924,2.8468673829199336,32.13908831185657,2.9200355117630212,0.004773895377326198,-0.07316812884308765
2025_10_NYG_CHI,00-0040691,29.0,29.429810781027225,2.01877447025691,28.573808545925658,2.0795513460675723,0.0036193269528830285,-0.06077687581066238
2025_10_JAX_HOU,00-0036898,45.0,28.48407367098408,12.161034825858525,30.30961304666485,10.63581530085846,1.8255393756807692,1.5252195250000646
2025_10_JAX_HOU,00-0036971,23.0,30.32716976964127,4.177277009783644,31.703125452442716,4.908562830663737,-1.3759556828014468,-0.7312858208800925
2025_10_BUF_MIA,00-0036212,21.0,31.132078752339492,6.05232547779414,30.789872123023468,5.652976593172231,0.3422066293160242,0.3993488846219089
2025_10_BUF_MIA,00-0034857,40.0,30.45375877419996,6.106530813687765,28.78788844912078,7.5851634918715956,-1.665870325079183,-1.4786326781838302
2025_10_BAL_MIN,00-0039923,42.0,29.7277877627767,8.31891229550061,28.759256671132636,9.329395007015016,-0.9685310916440635,-1.0104827115144062
2025_10_BAL_MIN,00-0034796,29.0,27.78787777201871,2.1466506319947496,26.387006128076287,2.4998002449185206,-1.4008716439424234,-0.353149612923771
2025_10_CLE_NYJ,00-0028118,0.0,25.001756604808364,19.42492938191397,25.21090601998607,19.40792347600422,-0.20914941517770558,0.017005905909748265
2025_10_CLE_NYJ,00-0040704,32.0,31.22232124121245,2.0894537061634066,31.908679012974854,2.051562272545554,0.6863577717624061,0.037891433617852854
2025_10_NE_TB,00-0034855,43.0,34.29988857458515,5.490231575984652,33.477219287211724,6.237176288211268,-0.8226692873734223,-0.7469447122266164
2025_10_NE_TB,00-0039851,31.0,30.09846237272054,2.104096944718868,28.158492231515027,2.5673539919182,-1.9399701412055137,-0.4632570471993316
2025_10_ARI_SEA,00-0034869,12.0,31.489720628969206,14.183202780831552,31.575807224017144,14.058718734340031,-0.08608659504793792,0.12448404649152067
2025_10_ARI_SEA,00-0033119,44.0,32.32836207557885,7.807979028284132,32.32121414310145,7.976450704206117,-0.007147932477401753,-0.1684716759219853
2025_10_DET_WAS,00-0032268,22.0,23.63808007200596,2.081915428027185,21.584113918783494,2.0757364392349116,1.222193990789453,0.006178988792273632
2025_10_DET_WAS,00-0033106,33.0,34.10821590102046,2.0381886204063955,32.43029120882855,2.0949029516933164,0.5385071098490073,-0.05671433128692094
2025_10_LA_SF,00-0036972,39.0,34.18553225226305,3.2328824705755523,34.1548937671656,3.339063234237564,-0.030638485097448154,-0.10618076366201157
2025_10_LA_SF,00-0026498,36.0,34.46078550978833,2.2013317181175287,33.2675109269908,2.535032071252356,-1.1932745827975282,-0.3337003531348275
2025_10_PIT_LAC,00-0036355,33.0,34.88275947032682,2.1137054233360426,35.354986705821865,2.167419022119233,-0.47222723549504764,-0.053713598783190264
2025_10_PIT_LAC,00-0023459,31.0,31.742956008231683,2.022416559617604,31.756382179826776,2.0266412234173816,-0.01342617159509274,-0.004224663799777595
2025_10_PHI_GB,00-0036264,36.0,31.63832041297543,3.0400054187471666,31.822809406285018,3.046490986765141,0.18448899330958923,-0.006485568017974508
2025_10_PHI_GB,00-0036389,26.0,28.295768340301315,2.17728298905865,27.459801378326112,2.0579944214134986,0.8359669619752026,0.11928856764515139
2025_11_NYJ_NE,00-0039851,34.0,27.97030397376556,3.826535422392838,27.79679488419951,4.033453166101621,-0.17350908956604982,-0.20691774370878324
2025_11_NYJ_NE,00-0028118,0.0,26.02543280149969,20.41138657064411,24.993859100985475,19.199425356478834,1.0315737005142154,1.211961214165278
2025_11_WAS_MIA,00-0036212,20.0,30.944623155242663,6.666509169424856,29.8706821153436,5.710669709241236,1.0739410398990614,0.9558394601836202
2025_11_WAS_MIA,00-0032268,30.0,23.467838380841158,4.101980546727759,20.82771865508084,5.970234514061264,-2.640119725760318,-1.868253967333505
2025_11_CAR_ATL,00-0039917,16.0,32.81743628512584,11.707916607664345,33.23451078840822,11.888981848786251,-0.41707450328238593,-0.1810652411219067
2025_11_CAR_ATL,00-0039150,45.0,27.375048005469054,13.214510024084966,27.758851622204396,13.018958044705155,0.38380361673534225,0.19555197937981106
2025_11_TB_BUF,00-0034857,30.0,31.1844243223713,2.0430550623495547,30.64099801077001,2.025980272475585,0.5434263116012907,0.01707478987396982
2025_11_TB_BUF,00-0034855,28.0,33.397199979594745,3.1609860430617323,33.61614753526401,3.1749412958655814,-0.21894755566926705,-0.013955252803849127
2025_11_LAC_JAX,00-0036971,22.0,31.32839764461942,5.474148186946404,31.03608802153028,5.130125568954366,0.29230962308914243,0.3440226179920378
2025_11_LAC_JAX,00-0036355,18.0,34.14415674931065,11.09631467875956,34.536691127671254,11.253569688049538,-0.392534378360601,-0.15725500928997782
2025_11_CHI_MIN,00-0039923,32.0,30.31831296314343,2.2278843706442,28.25541939316874,2.8752750857455185,-2.0628935699746904,-0.6473907151013183
2025_11_CHI_MIN,00-0039918,32.0,31.498660210969536,2.06164932296345,31.545345178193564,2.082610241758071,0.04668496722402793,-0.020960918794621364
2025_11_GB_NYG,00-0031503,29.0,27.497223116144212,2.1944105103892086,27.458904260748444,2.2434754990719585,-0.038318855395768736,-0.04906498868274989
2025_11_GB_NYG,00-0036264,24.0,31.404791549862555,4.223463828463799,31.954782958378654,4.432631529364807,-0.5499914085160995,-0.20916770090100822
2025_11_CIN_PIT,00-0023459,15.0,33.7083343542221,13.452521069103021,32.7345879002805,12.347856721693072,0.973746453941601,1.1046643474099493
2025_11_CIN_PIT,00-0026158,40.0,33.66049977299898,3.995483827394428,33.93272750630814,3.9585203373057842,0.2722277333091583,0.03696349008864397
2025_11_HOU_TEN,00-0040676,37.0,30.22331933777493,4.244876946671019,31.756794987116198,3.5292499163943685,1.5334756493412662,0.7156270302766501
2025_11_HOU_TEN,00-0036898,41.0,29.6536778106291,7.535735976436391,29.712120463764734,7.648286746886864,0.05844265313563213,-0.1125507704504729
2025_11_SEA_LA,00-0026498,28.0,34.577625444925964,3.751140460496253,34.16794691302089,3.4357378705662955,0.4096785319050724,0.3154025899299575
2025_11_SEA_LA,00-0034869,44.0,30.995306985530437,8.955494517103663,30.579806642124325,9.488886204210353,-0.4155003434061122,-0.5333916871066897
2025_11_SF_ARI,00-0033119,57.0,33.509457468699836,18.942962233264364,33.30750119724505,19.321085202367478,-0.20195627145478312,-0.3781229691031136
2025_11_SF_ARI,00-0037834,26.0,33.81278043370951,4.471882573787941,32.75184893774448,3.7375063859505047,1.0609314959650362,0.734376187837436
2025_11_BAL_CLE,00-0040704,10.0,31.35195338278619,15.940546679914931,33.30478447988312,17.585631088580204,-1.9528310970969294,-1.645084408665273
2025_11_BAL_CLE,00-0034796,25.0,25.530476360222956,2.01807404050582,26.12635177032727,2.0366449948331757,-0.5958754101043127,-0.018570954327355782
2025_11_KC_DEN,00-0039732,37.0,32.09915769984639,3.2714510814678777,33.00044392347009,2.974499048836594,0.9012862236236998,0.29695203263128356
2025_11_KC_DEN,00-0033873,45.0,32.668910246825405,8.369643064845377,32.501943189167385,8.678295637044489,-0.16696705765802022,-0.3086525721991116
2025_11_DET_PHI,00-0036389,28.0,29.68933903337201,2.089366814138672,28.325686350635674,2.0305694729667754,1.3636526827363369,0.05879734117189672
2025_11_DET_PHI,00-0033106,37.0,33.26519648767714,2.7990799974592173,32.84593440813703,3.0369854594440944,-0.4192620795401041,-0.23790546198487705
2025_11_DAL_LV,00-0030565,42.0,30.3818862693258,7.762922722926689,29.96276072407958,8.281186548556164,-0.4191255452462208,-0.5182638256294751
2025_11_DAL_LV,00-0033077,33.0,32.840303253596986,2.036790724871651,32.6403167574699,2.07336417193231,-0.19998649612708874,-0.036573447060658903
2025_12_BUF_HOU,00-0036898,30.0,30.329049244040874,2.0196340967131734,31.259831391493286,2.0444702166551787,-0.9307821474524118,-0.024836119942005297
2025_12_BUF_HOU,00-0034857,34.0,30.45159307730798,2.7332737752501632,30.31170796617577,2.854333785907023,-0.1398851111322088,-0.12106001065685978
2025_12_SEA_TEN,00-0040676,42.0,31.587336088750263,6.776402408499845,33.60226646911009,5.415644645744155,2.0149303803598286,1.3607577627556893
2025_12_SEA_TEN,00-0034869,26.0,28.956994857679987,2.3134727680196843,29.273823225877265,2.3563059664905763,-0.3168283681972781,-0.042833198470892064
2025_12_NYJ_BAL,00-0034796,23.0,26.781083296358908,2.5398425428435125,26.636659557946313,2.4513171456590266,0.14442373841259482,0.08852539718448593
2025_12_NYJ_BAL,00-0028118,28.0,25.33093937229208,2.458823288798472,24.373334443232512,2.8301478294003113,-0.957604929059567,-0.3713245406018393
2025_12_PIT_CHI,00-0039918,35.0,33.15835821765682,2.2598917521398163,33.42053645493258,2.251391833359304,0.26217823727576217,0.00849991878051215
2025_12_PIT_CHI,00-0034771,31.0,24.19265430092073,4.26145910044521,21.47369328869254,6.236766398981734,-2.7189610122281884,-1.9753072985365243
2025_12_NE_CIN,00-0026158,37.0,35.35031184576653,2.2218030244365963,35.67978834778793,2.2029899839854212,0.3294765020214001,0.018813040451175045
2025_12_NE_CIN,00-0039851,35.0,30.065313413353316,3.2866637889453862,28.343623802991594,4.293378896299238,-1.7216896103617216,-1.0067151073538518
2025_12_NYG_DET,00-0033106,42.0,35.22838856729902,4.2419603200162,34.029809021150534,5.1225463946745515,-1.198579546148487,-0.8805860746583516
2025_12_NYG_DET,00-0031503,36.0,26.960156641730677,5.732469451378504,25.958765511963485,6.637189124894036,-1.0013911297671925,-0.9047196735155314
2025_12_MIN_GB,00-0036264,21.0,30.574743847356807,5.64810311115466,31.095748113571155,5.873208914566679,-0.5210042662143479,-0.2251058034120197
2025_12_MIN_GB,00-0039923,19.0,28.294067411220347,5.449901847087967,28.75918355422935,5.63097642508585,-0.46511614300900206,-0.18107457799788218
2025_12_IND_KC,00-0033873,46.0,35.93849930747002,6.500477226665546,34.781126363443505,7.590969731222087,-1.1573729440265126,-1.0904925045565408
2025_12_IND_KC,00-0035710,31.0,32.5636600339018,2.0756203736306746,31.318120938310578,2.03103095049039,1.2455390955912193,0.0445894231402848
2025_12_CLE_LV,00-0030565,44.0,28.240033616321632,11.452377537983445,29.369245663241873,10.58123077081894,1.129212046920241,0.8711467671645039
2025_12_CLE_LV,00-0040668,20.0,31.27051954566808,6.9206647397642005,32.680126991710154,7.891408297926684,-1.4096074460420738,-0.9707435581624839
2025_12_JAX_ARI,00-0033119,49.0,34.57781971481205,10.2221105551729,34.55922835998995,10.408080352356118,-0.018591354822099504,-0.18596979718321727
2025_12_JAX_ARI,00-0036971,30.0,31.9120213517136,2.1176822317629087,31.218096124921498,2.0420558771591963,0.6939252267921034,0.07562635460371236
2025_12_PHI_DAL,00-0033077,36.0,33.38497028232043,2.445051493339548,33.87488647586517,2.37169265574528,0.4899161935447367,0.07335883759426798
2025_12_PHI_DAL,00-0036389,39.0,27.926094685596276,7.310412049531081,26.952309559216943,8.289700921154854,-0.9737851263793331,-0.9792888716237726
2025_12_ATL_NO,00-0040743,43.0,28.86268316164584,9.964119119829736,28.45241193347596,10.505194874233634,-0.41027122816987927,-0.5410757544038987
2025_12_ATL_NO,00-0029604,23.0,29.932407720047834,3.948270411249206,30.519586875055236,4.170590729753329,-0.5871791550074015,-0.22232031850412248
2025_12_TB_LA,00-0026498,35.0,33.841786229448154,2.1389426096810524,33.414097554279934,2.252665733887178,-0.42768867516821985,-0.11372312420612563
2025_12_TB_LA,00-0034855,19.0,34.08563843965253,10.14658542217213,34.58507163512385,10.3978588007505,-0.49943319547132603,-0.25127337857836984
2025_12_CAR_SF,00-0037834,32.0,33.24316704454642,2.047213142305207,32.14603710683907,2.0377661300062977,1.0971299377073507,0.009447012298909208
2025_12_CAR_SF,00-0039150,29.0,30.945428008268664,2.1223126230997367,30.473462976333224,2.0594331026973305,0.47196503193544004,0.06287952040240619
2025_13_GB_DET,00-0033106,26.0,34.81477460445194,5.121083654182911,34.17464494801485,4.56921804270071,0.6401296564370895,0.5518656114822011
2025_13_GB_DET,00-0036264,30.0,31.698602080882278,2.090523859133352,31.37618923252089,2.0520914543701236,0.32241284836138817,0.03843240476322851
2025_13_KC_DAL,00-0033077,39.0,34.41331489500586,3.133891013287432,33.3729652768065,3.7233544746622003,-1.0403496181993646,-0.5894634613747685
2025_13_KC_DAL,00-0033873,34.0,37.54234590424265,2.4683121366184393,35.74992815688516,2.08540318946328,1.79241774735749,0.3829089471551592
2025_13_CIN_BAL,00-0034796,32.0,29.000015298221797,2.5554110166213144,27.283848695382382,3.27951180535847,-1.7161666028394151,-0.7241007887371556
2025_13_CIN_BAL,00-0036442,46.0,33.55436727198778,8.468447108056019,32.2646677601111,9.77048781115742,-1.2896995118766768,-1.302040703101401
2025_13_CHI_PHI,00-0036389,34.0,28.12009043457722,3.74748687561248,28.132619379500497,3.8498242413953276,0.012528944923275276,-0.10233736578284747
2025_13_CHI_PHI,00-0039918,36.0,31.643253362174516,3.0379910168849387,32.98608298970283,2.6212048042198814,1.3428296275283138,0.4167862126650572
2025_13_JAX_TEN,00-0040676,38.0,33.00510878822681,3.3140990630019007,33.837475964713,3.0404624706541297,0.8323671764861871,0.27363659234777105
2025_13_JAX_TEN,00-0036971,27.0,30.502759084636143,2.4568179421296312,30.241989015879238,2.3485603848387,0.260770068756905,0.10825755729093123
2025_13_ARI_TB,00-0034855,28.0,32.9354373101207,2.9605991510567016,32.777092432630376,2.8270735116299264,0.15834487749032178,0.1335256394267752
2025_13_ARI_TB,00-0033119,40.0,33.89896364357569,3.8650705668174035,34.03624672688558,3.902035749153501,0.1372830833098888,-0.03696518233609769
2025_13_NO_MIA,00-0036212,23.0,27.540104732398227,2.8031446908659,27.866375212787986,2.8609011220684115,-0.32627048038975914,-0.057756431202511394
2025_13_NO_MIA,00-0040743,38.0,29.644400106216164,5.2505925205833215,29.49616872513809,5.489958568194151,-0.1482313810780731,-0.23936604761082947
2025_13_ATL_NYJ,00-0028118,33.0,23.675523936761053,5.939581982223626,23.652212011028766,6.10314344675368,-0.02331192573228691,-0.16356146453005316
2025_13_ATL_NYJ,00-0029604,33.0,29.686176973854568,2.654306967915087,30.013404930924054,2.612475086687896,0.3272279570694856,0.04183188122719095
2025_13_SF_CLE,00-0040668,25.0,29.271601478829854,2.7045088506461754,30.593387602931806,3.164674645787759,-1.3217861241019513,-0.4601657951415836
2025_13_SF_CLE,00-0037834,29.0,29.91552017873968,2.028231712087881,30.712215578829507,2.0813969516167483,-0.7966954000898276,-0.053165239528867314
2025_13_LA_CAR,00-0039150,20.0,29.538426006453207,5.622207618132434,30.500156786080456,6.171099169355697,-0.9617307796272492,-0.5488915512232637
2025_13_LA_CAR,00-0026498,28.0,33.15173911699249,3.052222156818706,33.37744084410559,3.0698820670684235,-0.22570172711310477,-0.01765991024971747
2025_13_HOU_IND,00-0035710,27.0,32.918392181072825,3.4083179897280282,32.74385916725863,3.233097664890079,0.17453301381419806,0.17522032483794936
2025_13_HOU_IND,00-0039163,35.0,30.77010210832929,2.9868150933238238,31.547954912251118,2.7684389934778832,0.777852803921828,0.21837609984594053
2025_13_MIN_SEA,00-0034869,26.0,28.590034884083607,2.232771292307961,29.335894838568308,2.371816455538104,-0.7458599544847004,-0.13904516323014304
2025_13_MIN_SEA,00-0040494,30.0,29.242830857654493,2.08704504575358,29.462566820304136,2.091226994472111,0.21973596264964357,-0.004181948718531281
2025_13_LV_LAC,00-0036355,20.0,29.879125349222505,5.867030984664533,31.26637324467225,6.755193848248865,-1.3872478954497431,-0.8881628635843324
2025_13_LV_LAC,00-0030565,23.0,28.933544017892483,3.4156730859644204,30.716564671737213,4.287785252519644,-1.78302065384473,-0.8721121665552234
2025_13_BUF_PIT,00-0023459,21.0,30.200715809161014,5.385103875722918,30.214640793392157,5.251317958406114,-0.01392498423114219,0.13378591731680434
2025_13_BUF_PIT,00-0034857,23.0,31.35303570346323,4.815217052141037,31.222781620570395,4.599464627044831,0.13025408289283646,0.2157524250962055
2025_13_DEN_WAS,00-0032268,50.0,21.978127079047535,23.444744889512254,21.25131505324708,24.347739062146665,-0.7268120258004558,-0.9029941726344113
2025_13_DEN_WAS,00-0039732,45.0,32.592450334428214,8.435557004111999,32.819783190712066,8.403843703251223,0.22733285628385147,0.03171330086077617
2025_13_NYG_NE,00-0039851,31.0,30.486268364787982,2.062721367699661,29.830372152936295,2.1773798368683366,-0.6558962118516867,-0.11465846916867539
2025_13_NYG_NE,00-0040691,24.0,29.760566348781012,3.331042418340058,29.174913696932485,2.9843764411298523,0.5856526518485268,0.34666597721020587
2025_14_DAL_DET,00-0033106,34.0,36.529182401350916,2.2208335485932778,34.311641445110126,2.0312537012263467,2.2175409562407893,0.189579847366931
2025_14_DAL_DET,00-0033077,47.0,34.919872483287016,8.154418453132415,33.72498830836726,9.359958457193134,-1.194884174919757,-1.205540004060719
2025_14_WAS_MIN,00-0039923,23.0,28.409611617086675,3.1663879972238096,27.692207098569682,2.794895183390874,0.717404518516993,0.37149281383293564
2025_14_WAS_MIN,00-0032268,4.0,23.530677929487478,14.219874648072418,22.410651598485998,12.96996681652396,1.1200263310014797,1.249907831548457
2025_14_NO_TB,00-0034855,30.0,30.286631867469584,2.0202486415401846,30.554144492040077,2.026348254817654,-0.2675126245704931,-0.006099613277469551
2025_14_NO_TB,00-0040743,20.0,30.330688088461415,6.199767814581911,30.802224635194648,6.3984167893479365,-0.4715365467332333,-0.1986489747660256
2025_14_MIA_NYJ,00-0028118,4.0,24.446728206625757,15.082525072217274,23.950948794782043,14.409058577821671,0.49577941184371355,0.673466494395603
2025_14_MIA_NYJ,00-0036212,21.0,29.275221472700213,4.764674719378358,29.379711569126655,4.698943534457256,-0.10449009642644214,0.06573118492110197
2025_14_IND_JAX,00-0036971,30.0,30.934948863501624,2.029115727157209,31.481900724053006,2.0601489428177713,-0.5469518605513812,-0.031033215660562163
2025_14_IND_JAX,00-0035710,7.0,33.45839852109272,20.830303481159106,32.80282165843578,19.978548790362936,0.655576862656936,0.8517546907961702
2025_14_CIN_BUF,00-0034857,28.0,32.3087123672482,2.717921290853825,30.484954504532805,2.1894428196690807,1.823757862715393,0.5284784711847443
2025_14_CIN_BUF,00-0036442,36.0,33.03041132817083,2.5464040070498166,31.29492744617963,3.274903482263773,-1.7354838819911969,-0.7284994752139564
2025_14_TEN_CLE,00-0040668,42.0,28.192128688480715,9.667813805831939,28.598201518271075,9.472351244592359,0.40607282979036086,0.19546256123958017
2025_14_TEN_CLE,00-0040676,28.0,30.041370654341584,2.136217687066017,31.796302906076853,2.4975640888694617,-1.7549322517352692,-0.3613464018034449
2025_14_PIT_BAL,00-0034796,35.0,27.322421333581737,4.7991206038210095,27.554524147412764,4.777863077856077,0.23210281383102682,0.021257525964932356
2025_14_PIT_BAL,00-0023459,34.0,30.34683725013597,2.769897566850893,30.895183324394978,2.6504181980283903,0.5483460742590083,0.11947936882250287
2025_14_SEA_ATL,00-0029604,30.0,30.129704782869872,2.0239613616215504,30.83015526306629,2.0276953153869366,-0.700450480196416,-0.003733953765386211
2025_14_SEA_ATL,00-0034869,30.0,29.764899530401443,2.04129195233841,29.71087828059593,2.066911080184772,-0.05402124980551193,-0.025619127846361778
2025_14_DEN_LV,00-0030565,21.0,29.869079352402828,5.157710811233505,31.762236597232206,6.368123348812734,-1.8931572448293785,-1.210412537579229
2025_14_DEN_LV,00-0039732,38.0,32.83913110399133,3.3909890593224516,33.992342491644344,2.977730046245086,1.1532113876530161,0.41325901307736546
2025_14_LA_ARI,00-0033119,44.0,33.756455309050295,6.642798355036094,34.89626047894776,5.9230712867168,1.139805169897464,0.719727068319294
2025_14_LA_ARI,00-0026498,31.0,34.118566902013065,2.353153398155281,33.18287715536326,2.140594697950995,0.9356897466498069,0.21255870020428613
2025_14_CHI_GB,00-0036264,25.0,30.899323186361098,3.3988638933349193,31.17354665985468,3.4384853910567093,-0.27422347349358134,-0.03962149772178991
2025_14_CHI_GB,00-0039918,35.0,30.879212325906895,2.9438096193311942,32.03792529016878,2.604827697014803,1.158712964261884,0.33898192231639124
2025_14_HOU_KC,00-0033873,33.0,34.71242874955719,2.0921585460012007,35.233107477627335,2.148139590926425,-0.5206787280701448,-0.05598104492522449
2025_14_HOU_KC,00-0039163,31.0,30.263292651371437,2.084864548920024,31.188223623122997,2.035844226542091,0.5484837255055659,0.0490203223779333
2025_14_PHI_LAC,00-0036355,26.0,29.592361877265816,2.482897043493284,30.535997105910347,2.738266550885914,-0.9436352286445313,-0.2553695073926301
2025_14_PHI_LAC,00-0036389,40.0,28.045909049383113,8.046706579743947,28.4918117562503,7.832475597276102,0.44590270686718725,0.21423098246784544
2025_15_ATL_TB,00-0034855,34.0,31.22991197294333,2.488114261747686,31.425922274405185,2.4894257819032584,0.19601030146185394,-0.0013115201555722322
2025_15_ATL_TB,00-0029604,44.0,29.722462997720022,10.090921172848631,29.626288899022835,10.346963848928898,-0.09617409869718685,-0.2560426760802663
2025_15_LV_PHI,00-0036389,15.0,28.549250067631828,8.801922823973602,30.157757908879567,10.018264603182315,-1.6085078412477394,-1.2163417792087134
2025_15_LV_PHI,00-0038102,25.0,24.479409497558894,2.062034942046826,25.246391841004474,2.032495008206523,0.27419866143663185,0.029539933840303068
2025_15_WAS_NYG,00-0040691,36.0,29.178576833174212,4.27106928818008,28.219392009021185,4.995890696794769,-0.9591848241530272,-0.7248214086146891
2025_15_WAS_NYG,00-0032268,19.0,24.42860482642216,3.1739033783711394,22.589337866443756,2.4364397714638315,1.8392669599784028,0.737463606907308
2025_15_LAC_KC,00-0033873,28.0,34.30593267006234,3.6059899592384896,34.763140307231446,3.7435908913759643,-0.4572076371691054,-0.1376009321374747
2025_15_LAC_KC,00-0036355,29.0,29.19833827278571,2.021982116967877,29.347009851099212,2.0300681518834462,-0.14867157831350397,-0.00808603491556914
2025_15_BUF_NE,00-0039851,23.0,29.56842004088852,3.7460419938404517,28.867890730669792,3.2906871190012463,0.7005293102187267,0.45535487483920534
2025_15_BUF_NE,00-0034857,28.0,31.06473584082014,2.339694860297959,29.669554923190052,2.077012418554489,1.3951809176300891,0.26268244174346966
2025_15_ARI_HOU,00-0039163,29.0,31.28827895108016,2.1762148851304652,31.80609472668392,2.2506602898245025,-0.5178157756037614,-0.07444540469403726
2025_15_ARI_HOU,00-0033119,40.0,32.7851090166925,4.508057887225991,35.285906785987066,3.279011987958586,2.5007977692945644,1.2290458992674052
2025_15_NYJ_JAX,00-0036971,32.0,29.2637182736168,2.478448849759033,30.548943693964986,2.2266674435389477,1.285225420348187,0.2517814062200854
2025_15_NYJ_JAX,00-0040398,33.0,28.02647695816757,3.304055737541676,27.976683635480477,3.422478048611101,-0.04979332268709413,-0.11842231106942469
2025_15_BAL_CIN,00-0036442,39.0,34.29006192374185,3.1869625242322526,32.87347771015599,3.991173214922216,-1.416584213585864,-0.8042106906899633
2025_15_BAL_CIN,00-0034796,12.0,29.578345391493738,12.405317344449418,27.47542343899814,10.299778733551184,2.102921952495599,2.1055386108982344
2025_15_CLE_CHI,00-0039918,28.0,30.736935810155245,2.2637071958376023,32.38284452366128,2.6845463712997275,-1.6459087135060315,-0.42083917546212524
2025_15_CLE_CHI,00-0040668,35.0,28.745932773650186,3.9481151027601546,29.219801852508045,3.8035285710771047,0.47386907885785945,0.1445865316830499
2025_15_IND_SEA,00-0034869,36.0,29.67514948960528,3.9872693600746656,30.73669954042676,3.5391271480258846,1.0615500508214808,0.448142212048781
2025_15_IND_SEA,00-0022942,27.0,29.389503668131407,2.1941853376815645,30.89643193614969,2.527331965917863,-1.5069282680182816,-0.33314662823629826
2025_15_CAR_NO,00-0040743,32.0,28.66276228145234,2.66188269862863,28.94307761385333,2.6347864691593195,0.2803153324009884,0.02709622946931045
2025_15_CAR_NO,00-0039150,24.0,27.594772162225937,2.483321852417144,28.156533263460293,2.608571791211377,-0.5617611012343566,-0.12524993879423274
2025_15_TEN_SF,00-0037834,30.0,30.668111106648457,2.0207131917894925,30.409947878508067,2.0285555189482696,0.25816322814038983,-0.007842327158777085
2025_15_TEN_SF,00-0040676,29.0,31.879368872320065,2.2955033702368386,33.2524267758927,2.640378645038477,-1.3730579035726365,-0.3448752748016384
2025_15_GB_DEN,00-0039732,34.0,32.969861095867834,2.120851194791159,34.07422928724616,2.0413973975927933,0.9559096168860037,0.07945379719836554
2025_15_GB_DEN,00-0036264,40.0,31.19068468340244,5.56755031951063,31.439354020537262,5.530183231600061,0.24866933713482098,0.0373670879105692
2025_15_DET_LA,00-0026498,38.0,35.57958605880538,2.39375952227026,34.34100592734702,2.8434879732052365,-1.238580131458363,-0.4497284509349764
2025_15_DET_LA,00-0033106,41.0,34.34994894463227,4.171314387012734,33.676097456696326,4.700954757716919,-0.6738514879359414,-0.5296403707041852
2025_15_MIN_DAL,00-0033077,38.0,34.262794234646684,2.7999455616490243,34.29112390823668,2.8620942143366,0.02832967358999383,-0.062148652687575634
2025_15_MIN_DAL,00-0039923,24.0,29.62923463044828,3.268303135281443,28.22442209999194,2.630822783991423,1.40481253045634,0.6374803512900198
2025_15_MIA_PIT,00-0023459,27.0,30.103986734487112,2.3494288565351638,30.06599478306741,2.30695225383853,0.03799195141970202,0.04247660269663367
2025_15_MIA_PIT,00-0036212,28.0,29.368328141864033,2.0570241196503707,30.1068813211808,2.129560907354999,-0.7385531793167672,-0.07253678770462813
2025_16_LA_SEA,00-0034869,34.0,31.200436194773022,2.4965225062837573,31.771163246151076,2.397379182900794,0.5707270513780536,0.09914332338296328
2025_16_LA_SEA,00-0026498,49.0,33.818600520911005,10.916581291966036,34.69698252565088,10.282837204908034,0.8783820047398763,0.6337440870580018
2025_16_PHI_WAS,00-0032268,14.0,22.43079201395269,4.86361006640401,22.035720554030718,4.47989305471175,0.39507145992197223,0.38371701169225947
2025_16_PHI_WAS,00-0036389,30.0,29.15218983649829,2.097481844598026,29.288090367803758,2.111550074331569,0.13590053130546664,-0.01406822973354327
2025_16_GB_CHI,00-0039918,34.0,32.637401500385444,2.170819922766008,32.91874925094394,2.1633776028305354,0.2813477505584956,0.007442319935472508
2025_16_GB_CHI,00-0036264,13.0,31.512722235589646,13.27036872537214,31.370678367936595,12.935353880394839,0.14204386765305088,0.3350148449773016
2025_16_KC_TEN,00-0040676,28.0,30.92920666629915,2.307054682137441,32.83900278440228,2.8506796483262207,-1.9097961181031309,-0.5436249661887795
2025_16_KC_TEN,00-0035289,8.0,26.355180983650467,13.123244091944624,25.233651764365604,11.887172749703836,1.121529219284863,1.2360713422407876
2025_16_CIN_MIA,00-0040234,30.0,29.240139632825905,2.087344340988523,26.31648087127891,2.851943344827942,-2.9236587615469958,-0.764599003839419
2025_16_CIN_MIA,00-0036442,32.0,33.49369570885825,2.0685802768250126,31.42399390468957,2.0955952493361516,0.9176896135478181,-0.027014972511139046
2025_16_NYJ_NO,00-0040743,49.0,27.997168990968436,16.490673634535312,28.261412114602557,16.404931982464653,0.2642431236341203,0.08574165207065931
2025_16_NYJ_NO,00-0028118,0.0,21.657609382398526,16.227894504338852,21.918659835217074,16.26528508410499,-0.261050452818548,-0.0373905797661358
2025_16_MIN_NYG,00-0040691,13.0,27.809536650581236,9.901307954898058,28.27722788392666,10.12386455186909,-0.4676912333454233,-0.2225565969710317
2025_16_MIN_NYG,00-0039923,14.0,29.022912379561156,10.090677822747361,27.911601339656222,8.930771442246602,1.1113110399049333,1.1599063805007592
2025_16_BUF_CLE,00-0040668,29.0,28.60916580569062,2.0522602237502667,29.202502207371598,2.0351183315127273,0.18833198693778286,0.01714189223753948
2025_16_BUF_CLE,00-0034857,19.0,27.508021346834234,4.916242899075493,27.972821269544532,5.087293520173853,-0.4647999227102986,-0.17105062109836044
2025_16_LAC_DAL,00-0033077,30.0,35.53349124673022,3.2235404197424113,34.87837052926432,2.865864851036206,0.6551207174658984,0.3576755687062052
2025_16_LAC_DAL,00-0036355,29.0,32.472080643365864,2.448074461206094,30.77444693398774,2.088017834673038,1.697633709378124,0.3600566265330558
2025_16_TB_CAR,00-0039150,32.0,29.009000598845994,2.5526972372154395,29.195075235556306,2.5564372069159687,0.18607463671031255,-0.0037399697005291443
2025_16_TB_CAR,00-0034855,26.0,30.078115672032723,2.6372384509946762,29.976945325314666,2.5518768700220225,0.10117034671805669,0.08536158097265378
2025_16_ATL_ARI,00-0033119,31.0,36.47231622962917,3.1952735342558376,36.498640866781535,3.122627781895922,-0.02632463715236355,0.07264575235991577
2025_16_ATL_ARI,00-0029604,35.0,31.49019668297712,2.7200205252030836,30.24040432150527,3.299661666566075,-1.249792361471851,-0.5796411413629916
2025_16_JAX_DEN,00-0039732,47.0,35.080629095817734,8.017489083752496,34.96000413174551,8.283623742557248,-0.12062496407222767,-0.2661346588047522
2025_16_JAX_DEN,00-0036971,36.0,31.80339920494067,2.9736138791890605,31.69259514010228,3.1008414535692195,-0.11080406483839056,-0.12722757438015897
2025_16_PIT_DET,00-0033106,54.0,36.04326866897334,13.53281555039521,34.7572691607401,14.945292684650962,-1.285999508233239,-1.4124771342557523
2025_16_PIT_DET,00-0023459,41.0,30.884270210750007,6.5426822813206575,30.422919216594426,7.064850510513393,-0.46135099415558045,-0.5221682291927356
2025_16_LV_HOU,00-0039163,35.0,29.327056294797927,3.6410595478897005,30.666927109732352,3.111682539301216,1.3398708149344252,0.5293770085884844
2025_16_LV_HOU,00-0030565,23.0,27.238473066451554,2.692405607255481,29.76162511201205,3.7426808417681774,-2.523152045560497,-1.0502752345126964
2025_16_NE_BAL,00-0034796,10.0,28.861607840885895,13.595302432154632,27.179659234120525,11.838366495588064,1.6819486067653706,1.7569359365665687
2025_16_NE_BAL,00-0039851,44.0,30.900675505624744,9.03869421128545,30.225422042907997,9.805643600999662,-0.6752534627167464,-0.7669493897142132
2025_16_SF_IND,00-0022942,35.0,31.20838015102698,2.8196471681780397,30.97377268349749,2.9851224583695695,-0.23460746752948936,-0.16547529019152973
2025_16_SF_IND,00-0037834,34.0,31.31651719939458,2.463815023387052,31.299730877414945,2.5255692380938304,-0.01678632197963381,-0.06175421470677822
2025_17_DAL_WAS,00-0026300,23.0,28.688649601229752,3.2964102340340986,26.43407949321491,2.396532973350542,2.2545701080148426,0.8998772606835566
2025_17_DAL_WAS,00-0033077,37.0,36.21841184311056,2.0899122344182866,34.54737879161623,2.455916434652563,-1.6710330514943266,-0.3660042002342765
2025_17_DET_MIN,00-0040494,16.0,30.801508700173876,9.894515944710044,29.70808516619369,8.756520895486423,1.0934235339801859,1.1379950492236208
2025_17_DET_MIN,00-0033106,29.0,34.87645420714102,3.387615265794956,33.86446699023251,2.8604870902539803,1.0119872169085156,0.5271281755409758
2025_17_DEN_KC,00-0037324,22.0,30.022571189602484,4.603243199644799,31.680826937390055,5.575590094474597,-1.658255747787571,-0.9723468948297977
2025_17_DEN_KC,00-0039732,38.0,34.435159214856355,2.739003939185734,35.4458068979761,2.4838697853886753,1.0106476831197426,0.2551341537970586
2025_17_HOU_LAC,00-0036355,32.0,28.966924556982704,2.5654605089825355,29.687608795163744,2.418650592075228,0.7206842381810397,0.1468099169073076
2025_17_HOU_LAC,00-0039163,28.0,29.81830971456541,2.1051480288529687,30.99116465757028,2.2901474500931442,-1.1728549430048716,-0.18499942124017554
2025_17_BAL_GB,00-0038128,21.0,23.538249331991857,2.2208596228826023,23.381361652418224,2.169880525930244,0.15688767957363225,0.05097909695235847
2025_17_BAL_GB,00-0035993,20.0,24.731202546917874,2.8765303788620007,24.099152619981858,2.5888435033411237,0.6320499269360162,0.287686875520877
2025_17_ARI_CIN,00-0036442,31.0,34.199468118269785,2.3738573468461133,31.699722053428612,2.02617024163007,2.4997460648411725,0.34768710521604307
2025_17_ARI_CIN,00-0033119,37.0,36.02720061596415,2.113225325153407,35.08048086445032,2.3234298554873836,-0.9467197515138253,-0.21020453033397635
2025_17_PIT_CLE,00-0040668,23.0,28.720638201782414,3.3117187863604682,30.317193545758904,4.052665266156177,-1.5965553439764903,-0.740946479795709
2025_17_PIT_CLE,00-0023459,39.0,28.34041817521519,6.973555530763823,29.54270311812772,6.187379604416909,1.2022849429125273,0.7861759263469139
2025_17_JAX_IND,00-0022942,30.0,32.61260562735548,2.2375674425758247,32.13301221142783,2.1333332115198735,0.4795934159276456,0.1042342310559512
2025_17_JAX_IND,00-0036971,37.0,32.49459337817043,3.0995287769983753,32.33522988221413,3.256731029170438,-0.15936349595629906,-0.15720225217206263
2025_17_SEA_CAR,00-0039150,24.0,28.22399610194668,2.6874955836117524,29.60325460152568,3.169039764543398,-1.3792584995790023,-0.48154418093164564
2025_17_SEA_CAR,00-0034869,27.0,30.27608630143623,2.393975958041046,30.14161707576697,2.324492229021994,0.13446922566926034,0.06948372901905175
2025_17_TB_MIA,00-0040234,22.0,29.026014476218073,4.001601177315544,27.52794249854576,3.135179960070493,1.4980719776723141,0.8664212172450516
2025_17_TB_MIA,00-0034855,44.0,30.65183857129262,9.258457502619335,30.105632921255058,9.913312908078504,-0.5462056500375603,-0.6548554054591698
2025_17_NE_NYJ,00-0028118,0.0,21.650374699565432,16.22101822999982,22.03478279256214,16.37547857216882,-0.38440809299670775,-0.15446034216899918
2025_17_NE_NYJ,00-0039851,21.0,29.900362356192456,5.178922932729693,29.82654780317086,4.989933069450986,0.07381455302159523,0.1889898632787066
2025_17_NO_TEN,00-0040676,40.0,30.429163308343345,6.125022408473145,31.35557239489641,5.589697231227527,0.9264090865530648,0.5353251772456176
2025_17_NO_TEN,00-0040743,27.0,29.903753137374228,2.301070093034661,29.06761227266826,2.1240203736694534,0.8361408647059676,0.17704971936520764
2025_17_NYG_LV,00-0030565,28.0,29.047027388230024,2.0345213362673573,29.35074113069028,2.0502043095972913,-0.30371374246025695,-0.015682973329933958
2025_17_NYG_LV,00-0040691,30.0,27.23609726076567,2.485912017223323,27.476210001765292,2.4750167921408153,0.24011274099962066,0.010895225082507842
2025_17_PHI_BUF,00-0034857,35.0,27.934065230412237,4.416860130200366,27.618728655364148,4.736940672154686,-0.31533657504808943,-0.32008054195432045
2025_17_PHI_BUF,00-0036389,27.0,29.097655894778118,2.144730824532341,29.084419175819168,2.1263387328747383,0.013236718958950178,0.018392091657602805
2025_17_CHI_SF,00-0037834,33.0,32.00482749911528,2.1161613384733444,30.316056789357578,2.5207803950264367,-1.6887707097577014,-0.40461905655309227
2025_17_CHI_SF,00-0039918,42.0,34.65405280171356,4.5892292377985235,33.96767229881501,5.164454379917622,-0.686380502898551,-0.5752251421190984
2025_17_LA_ATL,00-0029604,20.0,31.346816724608086,6.980780953791208,31.516394557661076,6.950928895658196,-0.16957783305299046,0.02985205813301217
2025_17_LA_ATL,00-0026498,38.0,35.21765154124109,2.4916192364838055,34.68722601587479,2.719930197076911,-0.5304255253662973,-0.22831096059310552
2025_18_CAR_TB,00-0034855,22.0,31.094807850319697,5.311924359952236,31.253690946532178,5.278093127052415,-0.15888309621248098,0.03383123289982137
2025_18_CAR_TB,00-0039150,35.0,27.598976062193163,4.623293603385654,27.56143316488543,4.773446808456227,-0.03754289730773408,-0.1501532050705734
2025_18_SEA_SF,00-0037834,27.0,31.31565937780065,2.720412022798674,31.18902001629998,2.6194165861374605,0.12663936150066846,0.10099543666121358
2025_18_SEA_SF,00-0034869,26.0,32.3004917247765,3.6031342534198445,31.072917837591792,2.942830528869406,1.2275738871847075,0.6603037245504386
2025_18_NO_ATL,00-0029604,32.0,30.268995350557294,2.237500434153473,30.304280553675913,2.274870181474496,0.035285203118618824,-0.03736974732102283
2025_18_NO_ATL,00-0040743,35.0,29.917170276540222,3.354509709223924,29.421299486174764,3.6982251476601573,-0.49587079036545845,-0.3437154384362331
2025_18_CLE_CIN,00-0036442,39.0,33.654118707711916,3.4791361459043926,32.1423320533425,4.413389332070638,-1.5117866543694163,-0.9342531861662455
2025_18_CLE_CIN,00-0040668,22.0,29.56020661709482,4.316865281538731,27.956602079398873,3.3326403259546526,1.6036045376959471,0.9842249555840783
2025_18_IND_HOU,00-0039163,23.0,30.119466012815757,4.055571383752316,32.69948483001154,5.5888036010862745,-2.5800188171957856,-1.5332322173339588
2025_18_IND_HOU,00-0040206,34.0,27.187337413555007,4.2655722110313645,28.511667541133807,3.651800878805533,1.3243301275788006,0.6137713322258316
2025_18_TEN_JAX,00-0036971,30.0,32.04730635865114,2.137166458464373,31.396532265360467,2.053558270321306,0.6507740932906749,0.08360818814306681
2025_18_TEN_JAX,00-0040676,3.0,32.51563027849415,23.805425265493685,33.63299482615703,24.68986917878987,-1.1173645476628806,-0.8844439132961845
2025_18_DAL_NYG,00-0040691,32.0,29.828206558381986,2.332718974411372,27.86398381770329,3.0292673304818276,-1.9642227406786965,-0.6965483560704557
2025_18_DAL_NYG,00-0033077,11.0,35.4996381009274,18.943776562822706,33.9760947984235,17.27259585688794,1.5235433025038958,1.6711807059347663
2025_18_GB_MIN,00-0039923,23.0,25.058180245967677,2.1376980575796765,25.526903101135467,2.1960320052750317,-0.46872285516779044,-0.05833394769535527
2025_18_GB_MIN,00-0038582,11.0,23.40981775341244,7.838932333526522,23.992045566133218,8.149320243792898,-0.5822278127207774,-0.31038791026637647
2025_18_WAS_PHI,00-0038400,40.0,28.897638559593275,7.333949857809189,28.902793734277857,7.489949095602576,0.005155174684581709,-0.1559992377933872
2025_18_WAS_PHI,00-0026300,22.0,25.547551398136772,2.468884981353698,24.99349681300042,2.289575345213618,0.5540545851363525,0.1793096361400801
2025_18_MIA_NE,00-0039851,18.0,30.759066761893347,8.131521908732752,30.34105549917757,7.61264231362623,0.41801126271577616,0.5188795951065224
2025_18_MIA_NE,00-0040234,23.0,26.174016863710985,2.366531587311249,25.41585579261055,2.176606383413754,0.7581610711004352,0.189925203897495
2025_18_DET_CHI,00-0039918,33.0,35.014164387909986,2.1322353937129677,34.05164094166746,2.0341335234194524,0.9625234462425283,0.09810187029351525
2025_18_DET_CHI,00-0033106,42.0,34.556361953921346,4.65045953514368,33.43935457702412,5.530199619733148,-1.1170073768972273,-0.8797400845894678
2025_18_ARI_LA,00-0026498,40.0,35.47946545630964,3.1058876805175575,34.893811742333256,3.4625034385930045,-0.5856537139763844,-0.356615758075447
2025_18_ARI_LA,00-0033119,31.0,34.053656927668825,2.336982105959,36.14249029999179,2.971180494889299,-2.0888333723229664,-0.6341983889302987
2025_18_NYJ_BUF,00-0033869,29.0,25.973843173525978,2.5626993891271796,26.431131630000746,2.4873441428310104,0.45728845647476746,0.0753552462961693
2025_18_NYJ_BUF,00-0040398,22.0,25.807940550529814,2.547993913019453,26.16716571505231,2.611594025885128,-0.35922516452249553,-0.06360011286567513
2025_18_KC_LV,00-0038102,4.0,24.479980909101265,15.113932545306364,24.870282808589636,15.275155481190595,-0.3903018994883709,-0.16122293588423098
2025_18_KC_LV,00-0037324,17.0,27.920704866467563,6.647734380343293,27.85754242779158,6.440180264888795,0.06316243867598459,0.20755411545449753
2025_18_LAC_DEN,00-0039732,23.0,33.10200704091319,6.030168394711625,34.481439871685104,6.923436575716642,-1.3794328307719113,-0.8932681810050171
2025_18_LAC_DEN,00-0037012,44.0,23.263467638592445,16.228237914306348,23.068517277580888,16.592433096013004,-0.19495036101155705,-0.36419518170665555
2025_18_BAL_PIT,00-0023459,47.0,31.042024746726863,11.637364367944613,32.52027784482613,10.44355078309395,1.4782530980992696,1.1938135848506626
2025_18_BAL_PIT,00-0034796,18.0,26.285185997246742,4.7705227440993,26.345969917010414,4.676882646383863,-0.060783919763672145,0.09364009771543724
